label,alpha_0,alpha_1,alpha_2,alpha_3,alpha_4,alpha_5,alpha_6,alpha_7,beta_0,beta_1,beta_2,beta_3,beta_4,beta_5,beta_6,beta_7,delta_0,delta_1,delta_2,delta_3,delta_4,delta_5,delta_6,delta_7,gamma_0,gamma_1,gamma_2,gamma_3,gamma_4,gamma_5,gamma_6,gamma_7,theta_0,theta_1,theta_2,theta_3,theta_4,theta_5,theta_6,theta_7
powerByBand,1197.4116456838724,34433.40428930995,14010.434267275721,989.654127405253,3981.1673242895836,11431.740087358363,153.31603034857426,1907.564927397193,537.497517783428,15332.992817280352,6655.708923637716,360.0331003551013,1564.7245941625556,5424.526659042851,62.06937816903337,846.9332869371442,2859.8646217132487,81794.22450742609,36467.80095360294,1445.7769588690023,8169.599760164327,30318.756583521863,432.7867288620721,4523.442796204246,58.53620196232296,1619.753804136159,837.5596213447319,40.604922026089085,152.19862938159696,680.0120215598685,21.388578597041306,89.18708242695405,2713.6580484785973,76329.65318025679,34870.74350494117,1191.4549459664836,7572.789009956234,28515.663590540113,349.7778597740019,4220.220512357819
powerByBand,146.5087389011741,3845.3261210613164,3842.6374792586284,394.63613334279097,1012.5265640099036,3046.4968773680444,237.17059241518413,211.09102274871103,54.11108385195644,1250.5071587157065,1051.452626751991,80.26240621235472,301.99012110452605,893.6971888793626,62.522785193605095,67.64358585128123,1038.2273279024282,33721.03556314783,24647.104360288948,977.7264458140297,1386.8285498625949,22569.84878004835,897.978979182115,1852.2152340371242,19.667516913606804,474.52272999090627,431.82415920689346,13.716832462331524,48.21315402032267,351.29445709708784,22.06074444529986,25.673978030043315,404.4938158674509,13505.137293687523,10163.60720766553,1235.129535722717,1647.956490194426,9903.564093924258,420.0252305436222,734.9536637258149
powerByBand,32.02383162599634,1831.4392766657622,1752.7959661058085,1335.4690311917566,3088.9138969993,1536.1224811366756,87.80181005760322,63.12479231878873,13.7779541479976,1732.244296618451,1087.2052055602337,219.40689778567233,702.7275638290103,973.5099854573133,58.32159038134814,24.647655941562927,400.4112608366252,10696.618070320654,10878.876801215434,2160.1879276898035,7628.60765249057,9978.511610063724,242.33423958511509,646.1893274595233,4.124312012866792,623.5396167416181,393.1733266117825,105.88427043842634,303.6550134863727,349.3312049973216,21.637851952984168,8.786406410462586,121.63268364011407,4409.490843086001,4699.631120090247,1774.2274678181038,6043.0401243919605,3851.1965830827935,192.0885448399716,238.02549718072348
powerByBand,60.79051445778868,8736.116948072326,5247.729385491194,2773.2799137692564,6986.689141732099,4080.8262914434767,628.3389242549437,11.619312762876268,20.21353761781525,2182.2855878136315,1057.418318151287,803.721984863823,1543.2810531532173,789.3025297920905,133.29752126623205,8.752779912679635,293.187314127009,38537.36978810404,28236.787815513395,2746.892935294447,6771.341372201212,26757.136859817183,2320.320218466006,175.16780062325236,3.7738500619607063,613.3742577144436,374.8806281031779,107.46933697733103,305.8321788015439,264.5734060405422,43.248975024702716,1.538981800327033,256.6382565577479,35462.18754296848,21994.016091281585,4809.783790310006,11483.912517485325,20069.609271207322,2009.4624391723987,62.645559906731314
powerByBand,46.885935114482265,7039.312769176783,5645.695249166188,1819.8824192609638,2286.325343306404,5447.175010169544,726.5203289437055,24.6637570990021,35.88695558055622,3219.015812595075,2461.6542575338594,494.80675438773073,983.6990134612699,1864.680604398052,254.4825557280553,6.419903307929001,181.02678983583957,32245.364681533894,20974.45967844694,2128.1093207357776,5070.6207772072985,19690.01725166572,1860.1528769849574,37.339750730455954,4.0264727272988905,1070.0513041085396,805.7219431408156,76.20926408343757,145.43992826133268,605.4698631783988,42.83941443690176,1.4027115248700792,190.33915250468377,34446.32806918486,23998.128263623457,2381.5726608086115,2703.1760806799916,20037.67855337918,1945.710900031237,31.996511876798152
powerByBand,34.93694697509693,7033.677219045568,5663.548474961536,783.443844859046,1975.6351003752143,4603.822933985763,240.63346680816665,12.476927889132568,13.295214234599808,2623.627409111336,1972.3356728630056,400.45914072752356,785.1170988883981,1462.595743781812,53.74011330594367,3.93730067728569,57.0355987544854,30740.239062070126,19935.51047767774,3576.8729904595,4841.5101617470245,18138.770966558386,1916.8326051902905,38.64030540358604,4.517571794702087,1058.73311970683,790.3906796915697,76.64198185164588,140.34123219260147,595.2745544076018,9.481682762174621,1.1214191012289394,41.440023456331964,16731.994424588163,12143.794048121234,3343.7228162021984,5395.214154961677,11165.210619521336,1076.2673538053684,26.74969034595899
powerByBand,22.405999563397998,2687.566320360525,2744.249318525239,459.6490831075155,858.6040398079725,3419.3979136920516,189.42794191845806,5.917146391250498,9.97808538439559,1187.8862609902376,999.3995594335195,206.4106715450048,258.7573920855368,1406.8108405468531,99.01270542825712,3.453779141724901,145.27367951078043,11100.264769324898,13880.560976199595,1793.9052413732059,1829.4882581935863,16252.470630828462,1469.0153022332343,23.8402612091971,4.8293211804554,431.39701418047747,396.6436019015875,67.20055901049776,101.02041168511909,549.9662994138114,33.31779874625655,0.6798465431785587,102.81024094430437,5506.673664332767,8980.58513727993,2215.452052207187,1900.6874360913248,11524.447710772374,1044.6388785465433,11.442723801472148
powerByBand,64.56182680477217,1464.3840083560601,3071.639178350582,3855.5863325672035,3570.46486814458,4005.0287613863984,361.6927696409836,17.571629350277814,10.253328477551392,573.661703279687,988.1932578952243,1377.1382991392784,2567.757588462153,1347.5893635186276,110.24615785347747,13.523614237708767,204.92830197468606,5214.134838345634,11535.687861832379,7448.655121554164,7803.035421081255,15952.125782577148,1327.5537837987722,28.965812142340937,1.3546665824687978,232.368142537652,396.7256123475541,266.68811548529413,447.75240949763446,547.5478710391787,35.49773625883287,1.942565070613303,149.32339557600903,3171.1708186172646,5886.8120771481335,8616.060249079706,7241.959346823103,8441.40646437851,692.7586847683486,28.833753033412563
powerByBand,102.1345389823946,3645.0505251791787,1030.1226247110374,5759.195387358057,8892.315340843787,1873.8354254160597,205.09389467330467,6.852529228024864,18.690435272695712,2280.938417287444,842.518025160803,1753.1105843572448,2625.3172466551096,1033.2121034201234,100.74260656102653,8.453190276626698,325.4957347540105,15281.900074651026,5562.300755292384,10958.64672838082,20668.570626119686,10273.349250421605,1685.8393051775124,20.635915151471842,3.5462399760299377,492.5576042571638,269.2608329876085,303.07964818924285,469.26676122029977,398.06386503459163,36.10275028364526,1.5392507386469547,193.93777875764275,16172.842675134198,7063.2297149990245,9129.349531859289,16621.28636727215,12644.815574823584,1407.6204986626956,17.082403019867414
powerByBand,111.5278712883511,4862.883159202156,2174.1727196586867,1497.737882722844,4009.5875603371983,3002.4389008117155,647.8827331085803,36.36881791047583,13.98694572291608,1074.6818688311023,666.2927556418091,489.8866983074716,1002.1825940368217,1051.5035733075376,108.94399798042463,7.845098859159358,72.24679521942133,24958.70246251265,14135.46630753161,7635.890506473253,17064.47474203201,17367.307372634918,832.7317988382111,25.950367056366968,5.149257511465395,343.1343047726513,252.06955528168913,183.38026821597322,336.2647466930871,392.2525124598489,35.330815508927685,2.0125896814991564,83.94964885731963,18512.32137826392,8232.663910764997,3792.3334104397377,7498.449778924463,10618.872418673118,821.9832136116884,32.5977875096131
powerByBand,48.49882715607203,748.1957332388147,2140.8398439976104,1487.4277168509973,2230.3302068782828,2578.2771328579156,416.3555755366702,15.651468989099618,15.062110042622695,186.74407150380452,709.981661237595,474.7858217818179,823.6943074877477,740.3149325112173,103.24356696662714,6.527296773594738,135.0960028024024,8932.818288104974,12302.32000380338,3373.5219393545553,10122.047495241892,18127.777996451543,1570.3776235382184,38.530948781712794,5.034959150273427,56.46518404117837,196.7215269461289,156.67432636030136,330.1104675912233,224.22698057138652,13.335931172815949,1.8575368914237822,72.13161031692532,3254.668434650739,9374.371935641564,2717.3263363310016,4984.428726597369,12939.565979445964,1059.751610514028,23.807803247875512
powerByBand,15.915960431683777,350.9975422591471,2165.1576774665464,3048.2554260449815,6704.964047390252,2829.227197655311,579.2906043564203,19.69300568077251,10.351507637039566,99.84205545529758,566.9573414885471,639.783905496687,1334.3757584100204,603.2147881926328,104.82731618433111,8.035482432524075,154.0146901027667,2984.581086447393,12674.596048407351,4177.389692735391,16244.308691569666,17266.6469935357,1729.5843358855545,66.45218559969254,1.5550802205720984,38.035670031753305,190.16116255026776,126.5094661910303,175.85023950353258,217.9957248138195,33.461614077396916,1.6649174878102677,139.6433275494882,1092.3591284463685,6971.778604816967,5011.798504662911,15255.22722093653,8266.533671221077,886.888097022556,77.61430496712393
powerByBand,7.308139077581991,201.05867198003537,850.0780657162753,870.8105804549486,579.8219540463102,921.4690191290875,260.80071311328777,4.59091233119448,3.300100566231217,76.69674260900469,276.68089300418643,253.65492476630158,370.5746609494788,233.45026153170022,82.7453530030362,2.1059463983745346,55.97758630832432,1033.8173901829323,8098.470677867921,3614.349490342419,7256.365462830543,10187.680518953599,1593.3038397746177,38.086315765392904,0.6268644684304348,31.077549938789915,85.7033552679346,102.36088402396805,135.94833675788917,62.38040028864384,33.2864707312354,0.7069552115730124,19.070711684470805,503.2068689162285,3605.920811494928,1995.2944481851846,4109.079605696679,4228.858016391809,833.3346226084767,15.982438642298785
powerByBand,18.10265872720908,75.5975709886696,2246.136786203348,4397.084489703136,8428.635945609762,1476.272190714065,189.3287740085992,18.64102291738465,14.331178736677439,34.73136718564925,468.1762029993019,945.7703201286199,1638.0484432021249,343.6792757540017,57.22048598554895,5.750367584061965,61.893833316941524,334.18359186398254,2861.4344296355634,2789.925787895782,6607.684694237249,2429.168385676351,281.0022778543881,38.052250745533925,0.7725682988370984,11.760451557972361,92.29008382415313,188.26880932996562,254.74727571726777,63.95386350640269,12.838750112610608,1.8745149826473417,37.609928801317814,202.35738552484204,2404.437762184225,4408.140235362947,7627.160447929503,2043.669274019466,326.42242840608753,25.200233859827872
powerByBand,33.40936337863793,32.85688075999486,1105.1891976192576,1264.3656451635095,1689.3954153109032,664.1911059173874,169.35001936638346,26.147627913767625,12.112868396250589,10.095764358883354,178.67623066954962,540.4195667427351,508.7682647991447,214.86364231052085,40.02512948141828,12.21114705877074,93.92234348325219,62.16654258207791,4755.607844582324,5017.593608887983,7913.407383753912,7235.699679961564,505.4873400731418,67.54004707365503,2.118883551741076,3.819909836173603,57.31926764488273,190.08438624711437,240.4133405989331,65.1101843902432,11.369133462477343,2.201157948552409,95.64224538574005,49.484740334388604,2692.398325037826,3648.708003572893,4267.929011496448,3861.1444569946316,475.91799057335874,84.45898058788595
powerByBand,20.566793675664826,91.48993459506704,3224.569355375297,239.95779396418334,2577.266523790989,3571.302390503142,475.2330562677792,20.11130335785226,15.00174795986359,86.84928415847351,1235.8310614580707,128.4853527395761,1537.0744982051724,1515.9291107608553,214.80303920305994,13.824368747503426,57.77308430084081,184.24416398551023,13264.148676526916,1369.5756781521827,6101.204217667188,14120.387757344623,1958.7060716634912,34.51925010032548,2.6989230522302465,66.14969576320561,480.21136885399795,66.47160668209928,645.0052724299319,603.9802455947749,82.8760685392247,1.7002879635613954,61.46933156245977,128.33860264598783,9656.45179683889,575.9334984487778,3777.492128151658,11565.91614501646,1407.6831989480675,49.12454085965766
powerByBand,34.99564419921907,5423.659067309116,5562.906160894931,6329.991817139991,6860.861212730027,8145.472886815117,710.9765768703325,22.780686497774422,6.283151367897746,1826.738301770273,1483.2219135302894,2458.0618412594213,3093.7107696287167,1742.093760090096,367.20144504976156,12.432217704966629,82.08775414725241,58724.88631693702,23183.68991519062,11900.038623396631,16288.827087091948,29295.19770045009,3961.3798969708705,104.57369515407322,1.1839279117930177,350.47222775799,465.98613785695136,502.5159056614102,672.6213665250295,582.6531565789301,83.14997284218003,1.547268974279353,101.35976467473648,46652.41229672986,22831.5863405361,11538.782828134343,22577.852633105642,27547.662861896482,3728.561977265984,81.56756708436106
powerByBand,16.78524290679221,7649.054673337213,3807.429203139458,5623.031286733382,3553.443125160157,5229.244949021795,486.55002607203966,10.761902434225284,7.295006972903646,1826.5022514919526,1142.986993651738,1062.3807578507665,588.1600239786196,1697.3104782681178,149.77285609965378,4.80748867983381,81.47900380834938,17010.6716954782,9061.426927847184,18389.3398961463,10557.230022192969,8784.66313376968,1714.7212178007644,33.967212381051574,1.4982956319223701,780.0842588991487,440.10486889425124,498.5297873123301,192.38930563410204,658.5194853260635,50.63834867408034,1.1347368947657546,74.56226381219341,10057.533712544722,10607.034472672767,13152.320013116994,8264.978031105715,11867.832488173357,1588.467749934472,15.734794653037934
powerByBand,10.260250617831927,7418.432859813108,3960.4926198931657,2233.7005327237507,2275.415057342759,5082.12458437037,323.6407823288466,5.647149292942811,5.501594704733325,3227.209674131429,1521.0913076148097,1675.350751683137,2028.808220182149,1564.270825339723,114.46389185878836,2.321529500703285,23.289065537996777,32293.86800286599,20514.351498335673,4323.949267597508,3147.660286235532,28494.891988384956,2145.3509907201887,34.570628689723236,1.4815184434369582,1369.7588148819113,649.1584560262758,552.3594449105663,733.2252301050708,666.5641921946034,41.51387860152886,0.5414459838590092,16.77862469402436,16827.13734228013,10341.898676526032,2487.5394906388724,2281.2422485466245,15105.069913384297,898.8422250928035,15.639672482059412
powerByBand,23.848424914009755,12002.826713578588,5487.229987442278,6475.489055750694,9900.940857754013,5196.246180992613,420.4012964762946,16.420877087390267,8.285794152706256,4326.986179735267,1767.47022636162,1965.068324038885,2378.970710152345,1674.0026745744428,73.29950310524208,5.670437995150109,32.239961174814695,22712.15121779986,15487.272644880773,5834.2437217188535,6303.754176671646,22896.84020418102,1600.8842840402394,25.336419153657555,1.7782718563790998,1412.5468311208708,659.4964798164021,559.7048949066417,730.0343041816366,668.4884356739531,21.248665851249697,0.7589317448554878,33.35283309000476,14484.009973411547,8764.460290796833,6960.868791583725,8559.968783723549,10864.974334893841,755.8474022748586,22.410657680812704
powerByBand,29.140087443037014,1226.4990973478018,2337.2172578916447,601.1374651775168,1416.4428040584805,3109.618657700145,211.92444608844508,22.031796087565027,9.938530002196892,465.54268965619053,919.216965402385,179.6720544574169,414.07084508296725,1136.506721438847,66.27586484102426,8.52730091234312,36.87133667657237,6802.551348487908,10459.41182116934,4660.958475528524,6969.468510711482,12914.057968916717,1006.1232060061814,12.89428503495287,2.5878023722588304,184.58188912115327,374.0035377722659,67.1618732061306,63.272247372988495,468.99896836339605,16.226601710931337,1.9493018073837982,25.00510394730873,3282.347814936306,6546.961768650612,2361.6651743093544,4222.581877456161,7842.696044701718,459.8071073708498,14.745094144813919
powerByBand,27.66607897832912,4670.277060917382,1007.2522892594783,286.4710238219591,423.74417674435836,876.1816313808235,250.4513344233475,21.24618456862957,12.578368003467414,1182.252659695322,270.1527095295989,112.52317494558751,222.84374299869967,343.50555136128264,68.13336919600874,11.542543318982505,130.12558376989597,9252.959634294131,3641.5415733175428,1914.2407433086846,2278.5308704417585,6146.57236683504,610.2897521132139,122.59808251659811,3.238110258074333,520.3873612709996,102.18244657056692,46.56679459271422,76.03606231433375,112.71542309534249,28.87631438129605,2.7392447163557647,99.75486331874815,7272.885462460821,2675.928709385529,847.4407886404194,728.4372202278316,3718.2149611140203,376.2137937894588,101.39267404369967
powerByBand,37.838268511389124,6995.256671081635,2371.3432644005243,1038.6821351385336,3347.140429013855,1849.0500034933614,413.34239837138284,16.881993373594312,12.595305479279718,1590.9510061487636,967.8472289212516,265.5202864102061,664.9783976515115,1009.7935494978491,219.2534735132315,7.591176640931895,105.2949673244381,34634.301547633666,16961.884011091417,1065.2029418681486,7169.220893219441,15856.239857809134,1593.8920240741381,82.89031884366575,2.4546808811480303,538.113979000523,381.6919729789163,27.27919498840675,97.03966089218915,368.56160575827954,33.62916669559738,0.7667389079182151,52.05252221881559,20414.0696540251,11260.056048404776,1306.8996839392078,7503.850230565132,11371.918505353702,1029.376504348547,30.250397045055916
powerByBand,18.057520645090165,1842.0274335605511,3018.7913977852877,230.7324502519656,1163.6140563377078,2956.109580997118,247.69718744612794,11.396063293204266,6.332486166868392,503.5704465325763,959.0635400430476,82.22424506876314,350.86310798306135,956.5096352436901,90.41134351797321,3.8850825501763335,93.50533504698072,18805.14994897585,12762.883313505918,381.64916614139185,6302.995248109896,13520.008190725744,866.4361918045754,57.63107808856537,2.359418957885228,82.46711461961743,381.3759765126868,17.094479297713754,112.96034948305842,369.0749287541177,32.001165904856215,1.6309678729307038,45.46810685246396,7839.262884619348,6535.582477367235,414.40613604408975,3058.7460181316114,7557.776063927495,562.891875028341,21.31843689455247
powerByBand,17.041723909273916,5311.747920107002,5090.772945636786,1994.301550124516,5063.334573736057,5995.417113166407,738.0047158501542,26.148294385408445,10.206048479546839,2890.15666191533,2473.35648629601,1000.6553656042644,1909.9462284771716,2686.34051532973,285.0859400282418,5.884512175657188,44.98987903604383,26151.036865621987,24774.45205502747,2559.2248152357292,4517.903052882399,25498.537580381675,2302.5923376485794,39.36943886078844,0.791756720777482,1048.0976207903677,911.8935306534064,73.21894354452712,151.66567801222706,997.2256428430072,108.8994693849311,1.7529625105836752,44.517679048341364,23947.692683787325,18481.554452154254,3016.6596016125877,7786.433460044251,17473.061639362306,1879.3186114455227,34.56596170250177
powerByBand,9.28446488488145,6942.558108788607,7074.535365628361,135.93043377294862,547.3537737933135,7764.657344668928,720.8505963205781,5.097210083279177,3.8608025630052802,2595.101029667666,2141.1783225329664,71.04497861447554,196.36944656607844,2372.629719398016,260.6557152800474,2.7482604721307164,36.17836452783853,46305.25650994198,38548.02331560306,1236.5525593350326,554.145899289198,43607.21216093659,4160.287484086094,12.899902131414947,0.5777393627570739,1041.2423883752272,899.6765844054978,35.49710720490784,52.568938397175295,984.7407292549665,106.29970386394035,0.31630362345818025,20.058258077326936,27357.15274219965,19518.66307838666,713.9121259162845,465.7247059201428,22647.194431080352,2302.6464202440216,6.2325889358120605
powerByBand,6.052873504781979,4045.1815071409437,5265.130815555898,99.28573372099254,387.93691056019924,5747.373723998062,422.9658087334181,4.1176135598903025,3.0546424121914333,1613.1722276828627,2036.6756198122664,46.56099460087227,292.8736880060625,2310.71469154642,166.2050276695239,3.1504887504448744,21.256590890917103,14366.83954977116,19142.83546557658,459.72391758434856,812.0281098662579,23706.754065019,1856.4577518051483,23.36056528137764,1.046452738326544,648.17038160743,799.420377354792,15.312641111591518,103.18706677085488,913.9087239651633,63.61120864005099,0.9200087725325891,17.36087263653679,8996.196873158358,12747.611999245928,294.87420186616896,776.7765918384098,15009.333092569192,1147.1965794912842,19.628849890688127
powerByBand,8.902596224251186,4430.813244755429,1384.8231631364151,176.8617633905243,2572.1286588723865,1245.8810718338095,155.85801347480958,12.82793861828921,5.239841746197739,1224.8150911793316,735.2041657648216,39.09542812957175,678.8571091247836,719.3708318365063,58.32756519164803,6.351634080167883,59.19852800849269,12360.955586503454,2745.0113474024756,400.0637801279844,5623.223985391846,3075.324137413921,324.86980730534384,55.81602231027166,1.1855516428499882,240.49158553453924,229.10678929067984,8.454207139190741,104.00028503537175,254.89863578465292,15.791187091390173,0.9582365093988268,37.34020455593136,10599.690065605673,2008.553085592872,462.05384878011046,6767.661193336546,3076.386476272218,322.1166922076918,42.31635412568584
powerByBand,12.2477886086838,3151.316118143968,2344.7246187877395,168.92037401912245,2136.64227198351,2600.7271323938553,131.80056175485984,10.23742362487342,6.425292008199435,1038.7618187211995,835.8498532684289,122.50681610379635,1067.9976735610871,865.4989906568954,51.76385809661575,3.494232829513142,46.84163125788521,12491.240220450494,9254.166942324773,89.91929715385795,2687.8232230773333,10654.660963362181,571.6450615060452,26.248720467525196,1.1929448393114632,329.2600978585949,329.5180501129005,12.43511032888297,88.48761174089996,350.1603446000365,17.291504215805826,0.5610623154008471,25.367649842744036,6610.750191363967,5216.386062256263,69.67294048827182,3267.300178122706,5841.125793600236,246.62359252429326,11.163868794879669
powerByBand,24.019942047238818,4007.0233499914502,2062.705843831541,315.32310590777405,600.4916254118561,1951.2612301852994,510.6886275163965,20.182208753434654,11.649967766993775,1477.0294558683868,934.9503490366525,91.20748394591057,346.48516866035845,1108.9543586062887,121.57706571947809,8.80719282598003,35.74798983530286,5564.259999478229,11563.363405477521,552.3617627697581,3763.688833509311,14129.490004066167,1115.8667324251162,50.151737021891634,1.6124692615454927,334.93828785929753,334.0768901744631,11.271562358888456,82.93800936059665,355.88886062157513,33.302742754627296,1.5307001771964983,37.892137275818385,4340.16717186974,5797.004719713866,712.4411396127144,4268.633047704925,7565.466975572759,786.439564600673,45.91085608454431
powerByBand,21.36994260982195,3728.9729722055217,5292.187029136156,16.55998149374538,765.7007601555866,4662.95739203934,1559.7642514152242,15.220436994614843,8.03206933635225,859.7434745236449,1642.7176059547064,23.978733692962898,422.6497312798984,1660.5254631199432,631.2214437356381,9.687450581626624,90.14238268387287,14827.635532245578,18203.30251546246,132.26240311871783,1889.1043843952407,17837.374400097426,1884.2186207701857,81.67344936519001,3.8956311821102667,322.97093586277373,601.064752244309,5.396543917602379,107.66142601799021,610.59379635917,190.31695607635655,5.330958034469056,42.29497460421142,8028.751717309843,9396.067451641338,47.23763551177121,687.6106591422096,9828.231328615127,1937.7028623894644,49.12229455143051
powerByBand,2539.9407160183728,14756.855659963976,13583.703680642177,2360.1609141208105,10336.650235232353,12276.351656143388,10200.229544760425,2336.111041038945,1244.317595049562,2389.9935067741953,2653.3248359263152,987.5783825480155,2573.4330851227223,2617.26977937159,2207.3528022673554,1247.8191514921377,2041.483637133703,20526.382380338695,15985.567671315352,2362.694205282185,3424.312607451933,16192.717767566086,7949.114071942979,1876.8857410544508,65.44980790845767,569.7740603408334,772.0310747264247,69.64250691282956,382.3192436232519,766.9414302518622,415.9282779760083,64.92940181305691,2880.8423063615396,25315.42171821122,19162.29836268282,3326.7459028578323,8518.929782460375,17291.560435553372,15925.635830013696,2658.76880819296
powerByBand,259.23834297053287,4376.624229117954,2061.6010123356705,348.0530397692033,1429.10508762444,1855.374570786981,824.5531882710749,249.56205911859192,82.06553786062528,1742.7757133416144,866.4987542446396,128.70635361324298,432.1772938597735,571.4332916364319,323.2443762695089,81.23999777774299,1247.268394714523,7708.109714311036,9269.211681562254,1517.6468275101097,4860.377336457019,6236.546631014604,3782.157393096455,1143.8442296681033,35.02113650187608,630.9305727021124,310.5311181154442,50.35196906349674,143.8203315231508,245.805064449012,130.44010014679293,34.14225547353992,664.1311217025684,7010.873749479342,6753.1806937678175,821.4443332291562,4389.614644752044,3177.815561432237,2088.4114580505056,625.2115402062318
powerByBand,105.01336234933329,4924.077752797795,1786.3615089177645,930.913001303814,2305.533295831758,1356.8825839652472,250.55846044402122,82.6259787319058,40.148769729765064,1838.5500508976702,839.9362015905643,166.5603208772184,219.36544694395315,727.4891695586658,136.51886098579752,36.120935816360316,506.1736897974265,20220.258693682892,14414.65787486485,610.8709430574587,9244.81927479575,9233.228720973853,1493.2625338484113,377.2186876055366,15.996955145438095,637.514313965723,310.56899823174876,24.808121857614548,28.456553554357395,238.55447963995266,31.64839472736115,14.03068049186079,293.4820459976771,13984.32399909504,8474.133773581756,599.9868751576402,9539.672510453915,8709.621705813604,1097.0563576666323,223.28852553568046
powerByBand,41.53372430266876,1801.0023715538148,1336.0599918339565,313.6296688714713,1115.3015847195763,1756.1606032452871,221.23191065916868,25.51714871210125,17.153377586670402,322.56717659014595,472.18890190321986,115.80740212683713,353.9150638936937,602.1277175969149,55.848074898028784,11.290119236944841,129.26295196429794,11852.222994126249,4174.108743685398,324.3315498706866,4683.785503710314,5332.796238992554,743.1068965026053,75.98908896280189,6.485102603596349,100.57967444771238,195.1657054732683,14.524651924044214,50.24952929763953,231.55023323508445,19.385658675632612,4.244281914677869,75.62300411835625,5690.451165268196,4082.272193950926,180.62139863690373,1919.6460276887988,2930.49093704544,597.6359403274203,42.35254159661011
powerByBand,11.091244646876936,1455.1892374208749,328.46708504180816,222.39125281384756,491.45747730128977,714.3980915896476,38.792101575127894,3.473955007814092,5.403782239368944,386.68096311089454,97.65716819746044,52.14087458118911,135.41587233037612,279.0648301890935,19.23674681093864,1.9275822215352438,30.785307166847332,7898.65476834477,765.1533321222279,824.3941756042248,3707.0598424324844,1839.1118285436141,180.83558418351146,32.81421005127542,0.7729630275836701,143.39294500765203,26.03313243360114,14.265567191644228,48.33972574101173,115.1930200086744,6.83530711205791,0.6594112237880415,22.72449830473859,3244.268471021797,1197.5788197257743,738.5231316586223,2553.6807228934417,1299.738726351024,125.14035481443167,14.946629721048975
powerByBand,8.811215363882813,2731.9365809474953,2198.7329754307298,136.5262839301031,630.5398503747298,1830.7618585186913,122.9709757411063,5.108074080000837,3.865288659705504,620.1792793025177,395.55874195824777,78.29227496877327,251.45430640659606,608.1860185752311,104.09871845274243,3.2298064220572495,26.618868450687533,17177.469819411042,13862.218862868493,153.0916137286299,1170.5807142092349,21557.60599649906,1541.5807442284452,24.8521652402218,1.2319288203943894,145.98909013086757,73.35373171536116,4.14289578774952,62.682610191497666,158.13429708174726,6.076029227629494,0.6902645421821879,14.76693029475851,14386.328454319992,11055.178278050205,138.11499185615992,526.3121427858487,16676.444276445265,1129.5443279344572,11.076215116799041
powerByBand,12.860880572030249,2479.058340116963,1102.4045847730724,203.95087812618053,952.0238399858519,1619.1584469736063,178.61844680637515,9.132801071498937,6.017375706773915,1002.9688268255563,369.92969157030365,54.119561720079545,263.52184128226475,495.8616355584411,59.73745791823009,4.5390289135036435,25.55155197031875,25574.839472394735,16141.295470680301,613.3466633816092,3986.477865961316,18702.245062544214,1786.274578381185,46.75084772092021,1.1444288403747673,365.8676602102621,137.31352802545587,10.336683288020224,86.96927296049748,159.27409705867595,22.251298334902636,0.6609099108210017,25.397224835139223,13615.13053843104,6685.479483299512,447.2225298429237,2715.6286717976955,7913.4670574795855,860.0685365421907,32.23173397210827
powerByBand,4.7831199039646615,1895.1053879064884,1294.1224628494963,369.3751756146203,370.66269556102475,1541.5804323119107,140.1570645731129,4.220923944317512,5.058722740176094,1068.3876982589413,800.6518610151445,177.30141329355448,304.14199334745,823.2404017505432,62.29393768172073,3.513519959960184,10.78330267000123,11566.00676014796,8219.055637365647,1475.3356106817637,3239.368101666265,8867.083870237619,763.6482031580828,27.079602192449627,0.7817495308442926,370.27988903239066,313.38880015728523,49.84559177410758,86.46855448704028,329.2784336838729,22.39654538217243,0.7110386350113085,7.877228757720692,6454.635047744751,3284.0325676386583,1188.6453341773683,3082.722358877338,3493.0799889760265,288.942836633053,11.74889809356354
powerByBand,12.195145651798443,3242.150225073537,2613.0359358813585,1530.4377443915946,1697.7458694070403,2766.706799421201,203.58926796780008,6.951324513915659,3.2600484577294333,1102.248143862798,988.9218351220965,282.75022734331935,294.0369438850928,1010.8682179604444,114.39873423779358,4.066507547325704,11.50479396268295,42602.712435639914,36045.46442100678,2124.5620234311436,1749.5933409255354,34365.00132758556,2495.272465020739,39.55510554252529,0.6793375697714683,359.7605560210115,324.1740547754677,107.71938355352205,115.63116520433942,340.8556876552004,37.28316052722603,1.1958355389521977,10.921681376629564,24904.755014606348,20553.759568669466,1551.0153956772895,2384.319287085014,19690.258830520073,1720.2291631200505,27.274732402922794
powerByBand,3.4600253915336747,2768.1029876054963,2375.701979242019,668.600194317098,655.6825704088724,2495.553649089915,274.8444001168571,6.3671008316705775,1.830798153920296,706.5321920527379,624.31908491052,265.6876624737973,302.787228307631,690.4349673178409,91.37352717883299,3.085020317988303,15.541636844297527,30320.273410721013,27277.24433231223,2023.7462776009718,1760.6183513854753,25034.28377000517,2165.6503988545946,33.23802129594267,0.44726482201904993,234.69841739683156,222.4811934611848,108.16152495106854,113.69923278065967,258.91325263694404,36.28845591773864,1.2465965810495074,13.09208100002532,10589.777446385888,10114.404408986426,1429.6204722351517,1757.9785454786106,9290.904734155534,944.9738244607846,20.97491907583174
powerByBand,3.677309793020715,2375.7720995836776,1923.2292788964758,385.68538227244875,539.7636356624092,2018.3848231667187,181.90829345636348,5.3347444739410825,1.5363453122348885,530.1094434377404,443.7196543619912,134.72766195541377,87.73850457476087,512.5183078390573,52.2379774442534,2.153557281470794,19.10557640256914,22987.02400673581,19714.32168787901,824.5261670732949,463.6035312818946,17813.730405442846,1663.0935104073521,19.675797431392517,0.5569820900683012,230.02158313678785,173.0430737824101,40.83848829083639,12.955179170846966,204.18466522580536,21.207365192835596,0.5223545779063443,13.122012788803907,9262.299073695815,7744.737750913822,406.92474945071615,610.6720563035958,7163.571334704465,741.740313979346,11.339127352935092
powerByBand,6.071853518518587,1332.063918073243,1170.4705459148527,286.0126204482735,291.8257690200151,1084.963044266391,166.96871084026927,5.040054634331409,2.8973230156801946,431.11123316509554,383.3352590337537,68.66101924858155,103.39087288710871,368.7089502041404,51.138454900405875,2.315249607320784,10.480452516710033,14839.691039250558,12811.48438308893,190.63365442132198,652.7270796442518,11068.696021676398,1119.281345639005,26.458768640334632,0.7049255816093081,106.46698191679943,130.96444327073257,14.646240292262563,12.299495864532718,115.36348188893031,22.489522923236805,0.6102887437653239,14.538211344845514,6528.8716157540575,5459.38912579897,309.79907012803534,532.8498107068309,4788.428280088599,478.09220387677703,17.23651057573463
powerByBand,19.141997011143363,8117.31411454609,4946.879317425214,652.0813191848098,1047.0261787610955,4819.422253629491,778.6214539192742,13.13453302413121,7.542408345100276,3756.6464001556806,2354.5742958319297,428.1141234233654,604.857889197695,2113.732492524603,327.81905168438544,7.347631075436518,64.46397302553596,60273.512984672096,47994.04674118424,2757.6804456414666,5381.994129286373,44123.54330398911,4351.0404823636,37.118370376215516,1.0161432878297672,1371.02697846579,845.2774241689663,92.58921640758115,107.46053117008512,727.7425556482374,28.761972132833325,0.9376712330601565,58.062240798813605,48451.71979110553,38392.044984693726,2483.6085835358044,4349.288691651644,35890.53648771634,3766.279024187578,44.45960734152196
powerByBand,15.237046201933765,8469.106853108979,5176.447900237085,708.5617220040085,2244.8796291078784,4787.854034920494,140.1410487876507,3.5558054506816537,5.302941401866141,3634.662517463549,2152.340822300077,255.26631572425282,509.74149639461666,1807.8389270106045,68.19437150452293,2.688899640409438,20.95900348429409,37348.76866264163,26562.359972876064,2316.2718174146185,4959.113357776588,24837.537391523663,2447.704698136056,7.564663663697247,1.99241324427795,1374.9576165087146,840.5148781452648,94.22022435447978,103.0839159758456,721.9174610315022,11.25372295798434,0.888517147217883,29.80009986688963,19308.136474608295,12905.07130196222,1485.6796440980281,2725.402109746014,12359.965372434317,1044.168938527285,9.12728116491773
powerByBand,16.772506024251907,2771.837430601949,2129.2478100819903,141.67597931600972,920.6849557486344,1573.8468357147892,104.73129056132541,5.723670326991299,5.186692639882819,832.1628776305356,853.8612807403001,72.01952119238899,189.44030266404695,588.5399384955022,35.608981897448714,2.4298742027716567,67.55025581924171,19973.81937514739,11441.019145852133,927.4474511311546,3227.3022216849067,9536.243021254546,1201.4986836632859,13.566748932964993,1.6067206509762584,341.99172471626633,332.91090232697337,24.28979331832103,36.95336411019646,227.29399804032147,10.338847681919152,0.4575146238751164,32.602908680720915,8118.028317465398,6654.823098048635,756.427994683294,2489.9171368829843,5400.139116051025,524.4794012765243,7.326783608554967
powerByBand,64.11647746355071,1776.1251634014325,969.985306777687,246.9064702257093,1069.0046576454542,284.1958108318338,84.20781329558781,11.775083191348713,26.623968667732605,639.3430151831731,280.95333221083865,44.842396736336106,312.9415774446301,71.86182609958404,27.245900960018776,4.635992374413784,129.38895205070145,8292.282883594347,1628.144615856848,386.2706442649655,3311.534425094583,420.4168361896285,497.1436725770689,49.90259523903029,8.717036936411693,262.0206685534513,98.43212553910934,13.371829413755327,77.01725095034084,25.793446916889778,6.676402298838843,1.5219725742856558,148.8689759796249,4059.3374233621284,1160.674870278177,297.2618172797045,2924.2381596066202,745.0708578005708,251.6739254401634,39.23761143491841
powerByBand,43.697645480454035,826.256566478051,531.7839719745289,50.66990745482679,580.9429017140804,216.67258323334485,41.4408163013994,7.47581640380021,23.375942491789516,331.11459385127546,243.63850401770176,27.915207476457592,212.49239211023092,103.85047981047636,18.905003284654427,3.456550465011505,126.61208564626858,2943.5874139369917,2884.338221867415,493.15396393311687,2498.5460996092347,922.912363663313,104.54772531472136,19.566871731959296,8.554404601061425,133.30306129701893,95.0644789535183,7.246896243566457,78.86097362554945,38.18156348455007,4.788419404065046,1.418889388696658,77.48325255853672,1800.758219223249,1664.207882690006,224.03415052437924,1152.320902817183,470.2395329215112,64.45859915784035,17.84863731667683
powerByBand,38.26432461831899,1181.6004989650096,257.54135585409654,51.06686695112443,455.2290425422779,402.4220090197961,51.90650970422835,6.941911059387393,12.0035885535458,477.462296656695,120.20996342098644,15.204021187257174,228.66387428024044,140.49022613239697,25.72471955782078,2.628961901931137,21.0430621675,1947.3960363112406,1152.7768028900834,334.8329833887016,1491.4724485510592,2324.9837046573,354.9408955126899,16.928796383702178,2.8789465368337157,144.29416267109139,42.59287643811146,4.265976721733152,61.233844328947335,58.529271720353854,10.061316406305982,0.34188972594709177,28.6724456106793,1364.4741638796454,893.1337815923752,148.28793416179778,818.0935172268996,1330.757807179749,196.84749555997553,12.405088868235046
powerByBand,15.627172574615066,1015.3711939550095,449.7346462097301,28.009022891047906,276.0517951633706,491.49671888906823,87.12204245875616,2.2680933171829234,6.321170026576852,393.2325863294667,149.23699971572492,13.819347120246928,46.49906906716446,146.85013666028468,28.904100811850032,2.9901260864185897,45.92864676962035,5845.86136402121,2319.157328155548,93.47776007870709,512.3464056583892,2680.4046201470155,450.8549901388786,10.172156097668697,2.843284047569713,147.66900201519692,63.18752887244659,4.27325422857276,14.860641618109335,62.09003963601103,11.910172416735145,0.3676132634252801,39.34245877515694,3486.5197143994183,1291.9204175974555,37.082157488040615,354.29709074024174,1292.8677967939398,236.46712628604092,6.724860094788921
powerByBand,24.25491562369457,291.31215652574343,565.6603106724738,10.027082138721678,97.1684152226426,408.8827767452256,87.42578013349807,3.7085845163624325,12.075389378194977,138.82235460169196,159.32488209220864,14.034288929159237,93.31949409372618,154.8354594712219,29.314705672741265,2.2218479562490447,132.25688697436905,3016.4867607958213,893.8211690181612,72.09459771709328,707.1434794377072,1610.8512918605538,292.36018197189,13.24345858854723,2.5364545656111677,48.3152651175492,64.20640868345733,1.8917473257195812,16.185801992248095,62.53647820481121,11.923986716882503,0.7035535427730959,118.94998912640582,1714.929943130865,678.2374995393566,43.620985261490674,586.5576699487663,912.1669895692878,174.06859125187344,8.490976068021357
powerByBand,35.231948146954714,245.07551544372748,122.59364855735492,10.265451405667799,76.66879365471445,52.68782163834106,33.61913164514464,2.537730613635713,13.194794058544643,80.38221144189139,50.49868784406377,7.10984454024131,40.57544666876227,41.241039672743426,15.769516667622788,1.2535850113382836,148.30629597008192,515.0071638561938,792.8452058942762,34.54648612682182,340.1131417395501,227.50773691210105,90.01148523268267,8.742009133763267,3.01847815817908,14.527241416514524,13.653745758651176,1.6909524585446152,7.640031169585863,10.883539789233739,5.567821642482173,0.5831618950581584,82.4784634733072,454.41016187091435,331.26513604488184,21.187146984078527,221.58759191606725,324.88067718147437,66.11977874276903,4.46621192174364
powerByBand,12.70149737845785,566.2067628961073,339.2502845235177,53.61720419207225,279.75441581847826,97.97165948336442,43.15946336788659,7.603630160386008,8.629647362914959,159.0017317449148,105.64859928888838,24.392012132652532,218.69164639196387,31.328927187341872,15.261390558999402,3.0742665612189675,78.54904323856422,945.9793332702599,1087.0516201029795,33.29172351877917,644.328026570101,180.84911574124715,281.38923419588787,22.36671358570142,2.6984041797420057,33.64397805361159,16.633520688391982,4.159461552138655,5.3374256502661925,10.06827130961047,3.3778913775180173,0.7912807406637459,41.63643316357295,808.8659755354728,618.7576639317923,69.44677699808713,543.8074864008258,222.67614919298492,198.08900878960634,27.25212198855093
powerByBand,37.07578740684015,4306.579469977538,1046.235515256114,112.1625218037729,558.6169458647832,624.0855024937113,150.27340178561107,5.2390595928774,7.929390317985021,1137.9598293861231,208.76662288311735,33.25206459965467,123.34033659684867,151.95180501838138,36.68278622832228,2.5369394425927063,126.90943669712706,6389.783983650194,1123.7155786859073,289.4062081351999,3051.916043380781,934.2099250671964,249.49962293999994,26.74589267394807,1.8691832707398217,454.473231714839,93.07514423188145,5.006573926291594,35.233856169456914,59.94931941693642,15.195646999330327,0.7193557221315858,78.53209284425418,5437.46791913719,755.3241580710027,242.86913675141093,2133.4192014391174,830.219862602668,258.41446457798145,11.373015645819448
powerByBand,21.25358526226972,3818.6250681910183,1131.3761145096018,89.05755964205368,738.2298933747294,587.9734621304618,161.23102239501569,3.3501949833620075,6.421491586203177,1180.478914302816,265.5395799245763,40.37218128548819,140.27545628334923,160.98558338829338,44.89823758702211,1.5640773004481423,96.65153876127489,17916.574713549646,5349.957693060296,227.0823242730753,4202.943861838251,2725.405315787031,779.5296745617887,22.886759623255095,2.2275165229067784,454.22840665795457,93.41337833465865,11.300313115024409,33.337093636258395,59.48869199725329,15.341746030504469,0.4971036893000351,45.56589174396719,8728.238750088429,2644.9604010653757,128.91993982974134,1814.8545150763637,1280.1008451735574,408.69978895740144,13.141858327448848
powerByBand,26.54490110305065,860.9559994034465,282.3603854950921,123.62750534383724,255.29405680052992,143.82942150193648,57.67570953218461,1.27265460386137,6.797881625403201,333.8958125982703,89.58347946741227,36.95383897098233,82.25078364354823,46.98582318084329,19.91916424994248,1.7228172669762394,81.80734903398925,4971.603673080151,3414.452967156514,441.897487370417,1907.0044033633035,2438.996743260855,744.1111556396636,3.90136919885575,2.333812906463269,111.84412262543108,24.768458861332565,10.979023629176416,4.366522382284342,9.681838036298679,5.606293141037242,0.2950515252685323,41.988727748622146,2839.3617251261294,2161.336589442947,274.7640235322826,693.3657074978983,1568.9591502576504,432.652412362107,2.8370774460126236
powerByBand,10.440411578648904,771.16746907762,212.87786796266118,72.49967335789711,422.0474632160972,77.25132817034883,37.53548392858564,1.5155874433012124,5.543395630369463,230.01455001880146,32.757343521319136,28.21834919203788,97.22554862516476,32.77095994789213,13.203965993271895,2.005820734413718,41.39369759403611,1772.0334340331406,1162.2858740824843,359.42441416873794,1080.6605822893746,681.2116954718218,230.19074816198525,5.239732945707978,1.2554185207582615,80.16809872432135,4.072513925277278,4.454420707077413,4.288979841774054,8.580488376329258,4.899611159203195,0.3592475739735753,27.47981602155242,1162.538826805117,514.0072279788773,272.6498607527915,1058.153808088032,224.80928757461209,111.82381041318975,6.644532471112905
powerByBand,4.991931840543321,399.10860993566854,188.55598736481605,134.21718199029087,337.7036412851098,167.77032631193808,43.238199111478245,1.787497356087714,4.251034183505787,108.59122596972867,47.35823348026686,17.475043063812382,50.51987628840614,49.8588122034503,8.734713441186223,1.6117712119490182,35.691452210724066,1558.810971287833,1505.2669203842952,154.11504546424896,546.194895944698,1051.7156066585535,199.92588878988948,3.4651094721274402,1.1661508391540385,32.573881453294184,18.657750515666105,4.138783944502238,4.467095727706842,20.89709808997972,3.409540821595979,0.3344609732587647,21.032463311092393,811.5471379217337,714.6274328446317,136.29251978772695,546.9010182521122,519.2472175001117,98.05726662370591,2.6669930795450143
powerByBand,10.33690499993269,225.73077728895294,119.89439380434374,81.28375992063164,182.71761870350392,107.45757978608215,23.613590628109506,2.5389559816196727,6.064369006804436,85.14547601878313,49.77330083907576,19.069153429539092,73.64366393795426,59.28395265726053,7.9039614108134355,1.4312695689441803,8.512723015585685,1148.1386344217863,948.5281426646775,132.0637779026861,476.17279811567937,511.80981473662484,75.9092350658721,5.770693309144852,1.3369038723533149,20.963852520850214,18.656356791036604,3.905639898695453,6.341605289394027,21.480249871260312,3.4799927468331617,0.3331741246941715,9.32549895970327,907.516934978732,668.4374478642849,109.3451084826966,497.7376157265192,487.7517261976324,61.11790208304003,6.031632304676609
powerByBand,8.870449225078247,200.14288372513224,77.59505052362938,57.169638795336255,188.13337995265394,103.35880613832369,10.250553888007753,3.4340909816407668,4.579813700583362,66.28206147940813,32.431023289919985,23.497722272612993,65.67822571257423,35.68676184187485,3.2996743180248607,2.8880301217207123,35.305385463075964,460.4657454657553,306.23772414718246,105.33200720349076,383.74893168123566,586.2294151663004,26.206231641431977,10.09140592660087,1.2402963797518032,19.714286471178617,14.63374546658263,4.093865408552762,13.650307105531418,16.239319988991937,1.494076648709318,0.4911854491406786,20.285945915921854,289.2918924133745,202.14643331741087,93.97429152640066,358.3164837891529,264.84839814553993,16.256997478379134,5.6832710577588825
